{
	"ImageDescription": "Hochzeit Hans und Marina",
	"Make": "Canon",
	"Model": "Canon EOS 550D",
	"Orientation": 1,
	"XResolution": 72,
	"YResolution": 72,
	"ResolutionUnit": 2,
	"ModifyDate": "2011:06:24 16:40:25",
	"Artist": "© Matthias Vogler",
	"YCbCrPositioning": 2,
	"Copyright": "",
	"ExifOffset": 2288,
	"XPTitle": [
		72,
		0,
		111,
		0,
		99,
		0,
		104,
		0,
		122,
		0,
		101,
		0,
		105,
		0,
		116,
		0,
		32,
		0,
		72,
		0,
		97,
		0,
		110,
		0,
		115,
		0,
		32,
		0,
		117,
		0,
		110,
		0,
		100,
		0,
		32,
		0,
		77,
		0,
		97,
		0,
		114,
		0,
		105,
		0,
		110,
		0,
		97,
		0,
		0,
		0
	],
	"XPComment": [
		119,
		0,
		119,
		0,
		119,
		0,
		46,
		0,
		98,
		0,
		105,
		0,
		108,
		0,
		100,
		0,
		97,
		0,
		109,
		0,
		97,
		0,
		99,
		0,
		104,
		0,
		97,
		0,
		46,
		0,
		100,
		0,
		101,
		0,
		0,
		0
	],
	"XPAuthor": [
		169,
		0,
		32,
		0,
		77,
		0,
		97,
		0,
		116,
		0,
		116,
		0,
		104,
		0,
		105,
		0,
		97,
		0,
		115,
		0,
		32,
		0,
		86,
		0,
		111,
		0,
		103,
		0,
		108,
		0,
		101,
		0,
		114,
		0,
		0,
		0
	],
	"Compression": 6,
	"ThumbnailOffset": 12764,
	"ThumbnailLength": 5078,
	"ExposureTime": 0.0025,
	"FNumber": 7.1,
	"ExposureProgram": 0,
	"ISO": 640,
	"DateTimeOriginal": "2011:06:24 16:40:25",
	"CreateDate": "2011:06:24 16:40:25",
	"ShutterSpeedValue": 8.625,
	"ApertureValue": 5.625,
	"ExposureCompensation": 0,
	"MeteringMode": 5,
	"Flash": 16,
	"FocalLength": 250,
	"SubSecTime": "27",
	"SubSecTimeOriginal": "27",
	"SubSecTimeDigitized": "27",
	"ColorSpace": 1,
	"ExifImageWidth": 5184,
	"ExifImageHeight": 3456,
	"InteropOffset": 12620,
	"FocalPlaneXResolution": 5728.176795580111,
	"FocalPlaneYResolution": 5808.403361344538,
	"FocalPlaneResolutionUnit": 2,
	"CustomRendered": 0,
	"ExposureMode": 0,
	"WhiteBalance": 0,
	"SceneCaptureType": 0,
	"OffsetSchema": 4024,
	"error": "Unable to extract Makernote information as it is in an unsupported or unrecognized format."
}