{
	"Make": "CASIO",
	"Model": "QV-2400UX",
	"Orientation": 1,
	"XResolution": 72,
	"YResolution": 72,
	"ResolutionUnit": 2,
	"Software": "Ver1.000\u0000\u0000\u0000\u0000\u0000\u0000\u0000\u0000\u0000\u0000\u0000\u0000\u0000\u0000\u0000",
	"ModifyDate": "2004:06:12 11:17:33",
	"YCbCrPositioning": 1,
	"ExifOffset": 210,
	"Compression": 6,
	"ThumbnailOffset": 1036,
	"ThumbnailLength": 15925,
	"ExposureTime": 0.01666000299155712,
	"FNumber": 2.799999952316284,
	"ExposureProgram": 2,
	"DateTimeOriginal": "2000:03:28 06:39:43",
	"CreateDate": "2000:03:28 06:39:43",
	"CompressedBitsPerPixel": 3.4133334159851074,
	"ExposureCompensation": 0,
	"MaxApertureValue": 2.799999952316284,
	"MeteringMode": 5,
	"Flash": 1,
	"FocalLength": 6.400000095367432,
	"ColorSpace": 1,
	"ExifImageWidth": 800,
	"ExifImageHeight": 600,
	"InteropOffset": 912,
	"InteropIndex": "R98",
	"error": "Unable to extract Makernote information as it is in an unsupported or unrecognized format."
}