{
	"Make": "SAMSUNG",
	"Model": "SAMSUNG PL90/VLUU PL90\u0000\u0000\u0000\u0000\u0000\u0000\u0000\u0000\u0000\u0000\u0000\u0000\u0000\u0000\u0000\u0000\u0000\u0000\u0000\u0000\u0000\u0000\u0000\u0000\u0000\u0000\u0000\u0000\u0000\u0000\u0000\u0000\u0000\u0000\u0000\u0000\u0000\u0000",
	"Orientation": 1,
	"XResolution": 1,
	"YResolution": 1,
	"ResolutionUnit": 2,
	"Software": "  0.5d01",
	"ModifyDate": "2010:09:23 04:15:56",
	"YCbCrPositioning": 2,
	"Copyright": "Copyright 2010",
	"ExifOffset": 276,
	"Compression": 6,
	"ThumbnailOffset": 3998,
	"ThumbnailLength": 3674,
	"ExposureTime": 0.022222222222222223,
	"FNumber": 4,
	"ExposureProgram": 2,
	"ISO": 80,
	"DateTimeOriginal": "2010:09:23 04:15:56",
	"CreateDate": "2010:09:23 04:15:56",
	"CompressedBitsPerPixel": 3.095731333333333,
	"ShutterSpeedValue": 5.524,
	"ApertureValue": 4,
	"ExposureCompensation": 0,
	"MaxApertureValue": 2.971,
	"MeteringMode": 4,
	"LightSource": 0,
	"Flash": 1,
	"FocalLength": 9.58,
	"ColorSpace": 1,
	"ExifImageWidth": 4000,
	"ExifImageHeight": 3000,
	"InteropOffset": 3862,
	"SensingMethod": 2,
	"ExposureMode": 0,
	"WhiteBalance": 0,
	"DigitalZoomRatio": 1,
	"FocalLengthIn35mmFormat": 53,
	"SceneCaptureType": 0,
	"Contrast": 0,
	"Sharpness": 0,
	"InteropIndex": "R98",
	"error": "Unable to extract Makernote information as it is in an unsupported or unrecognized format."
}