{
	"ImageDescription": "\u0000\u0000+M+M+M+M+M+M+M+M+M+M+M+M+M+M+M+M+M+M+M+M+M+M+M+M+M+M+M+M+M+M+",
	"Make": "Daisy Multimedia\u0000\u0000\u0000\u0000\u0000\u0000\u0000\u0000\u0000\u0000\u0000\u0000\u0000\u0000\u0000",
	"Model": "PhC70XX\u0000\u0000\u0000\u0000\u0000\u0000\u0000\u0000\u0000\u0000\u0000\u0000\u0000\u0000\u0000\u0000\u0000\u0000\u0000\u0000\u0000\u0000\u0000\u0000",
	"Orientation": 1,
	"XResolution": 1,
	"YResolution": 1,
	"ResolutionUnit": 2,
	"Software": "\u0000\u0000\u0000\u0000\u0000\u0000\u0000\u0000\u0000\u0000\u0000\u0000\u0000\u0000\u0000",
	"ModifyDate": "2002:01:01 12:00:00",
	"YCbCrPositioning": 2,
	"Copyright": "Copyright 9,2001\u0000\u0000\u0000\u0000",
	"ExifOffset": 358,
	"Compression": 6,
	"ThumbnailOffset": 1401,
	"ThumbnailLength": 6334,
	"ExposureTime": 0.0009727515280246735,
	"FNumber": null,
	"ExposureProgram": 3,
	"ISO": 104,
	"DateTimeOriginal": "2002:01:01 12:00:00",
	"CreateDate": "2002:01:01 12:00:00",
	"CompressedBitsPerPixel": 0.08412353515625,
	"ShutterSpeedValue": 10,
	"ApertureValue": null,
	"ExposureCompensation": null,
	"MaxApertureValue": 3.7,
	"MeteringMode": 5,
	"LightSource": 0,
	"Flash": 7,
	"ColorSpace": 1,
	"ExifImageWidth": 1280,
	"ExifImageHeight": 960,
	"RelatedSoundFile": "\u0000\u0000\u0000\u0000\u0000\u0000\u0000\u0000\u0000\u0000\u0000\u0000",
	"InteropOffset": 1264,
	"ExposureIndex": 1,
	"SensingMethod": 2,
	"InteropIndex": "R98",
	"error": "Unable to extract Makernote information as it is in an unsupported or unrecognized format."
}