{
	"ImageDescription": "\u0000\u0000*U*U*U*U*U*U*U*U*U*U*U*U*U*U*U*U*U*U*U*U*U*U*U*U*",
	"Make": "Trust\u0000\u0000\u0000\u0000\u0000\u0000\u0000\u0000\u0000\u0000\u0000\u0000\u0000\u0000\u0000\u0000\u0000\u0000\u0000\u0000\u0000\u0000\u0000\u0000\u0000\u0000",
	"Model": "950 PowerC@m Zoom\u0000\u0000\u0000\u0000\u0000\u0000\u0000\u0000\u0000\u0000\u0000\u0000\u0000\u0000",
	"Orientation": 1,
	"XResolution": 1,
	"YResolution": 1,
	"ResolutionUnit": 2,
	"Software": "             \u0000\u0000",
	"ModifyDate": "2004:06:06 22:25\u0000\u0001`",
	"YCbCrPositioning": 2,
	"Copyright": "Copyright 1,1999\u0000\u0000\u0000\u0000",
	"ExifOffset": 358,
	"Compression": 6,
	"ThumbnailOffset": 1433,
	"ThumbnailLength": 9988,
	"ExposureTime": 0.015625,
	"FNumber": 2.8,
	"ExposureProgram": 3,
	"ISO": 100,
	"DateTimeOriginal": "2004:06:06 22:25\u0000\u0001`",
	"CreateDate": "2004:06:06 22:25\u0000\u0001`",
	"CompressedBitsPerPixel": 1.9910286458333333,
	"ShutterSpeedValue": 6,
	"ApertureValue": 0.9999999993042153,
	"ExposureCompensation": 0,
	"MaxApertureValue": 3.7,
	"MeteringMode": 5,
	"LightSource": 0,
	"Flash": 1,
	"ColorSpace": 1,
	"ExifImageWidth": 1280,
	"ExifImageHeight": 960,
	"RelatedSoundFile": "\u0000\u0000\u0000\u0000\u0000\u0000\u0000\u0000\u0000\u0000\u0000\u0000",
	"InteropOffset": 1296,
	"ExposureIndex": 1,
	"SensingMethod": 2,
	"DigitalZoomRatio": 1,
	"FocalLengthIn35mmFormat": 21930,
	"InteropIndex": "R98",
	"error": "Unable to extract Makernote information as it is in an unsupported or unrecognized format."
}