{
	"Make": "HTC\u0000\u0000\u0000\u0000\u0000\u0000\u0000\u0000\u0000\u0000\u0000\u0000\u0000\u0000\u0000\u0000\u0000\u0000\u0000\u0000\u0000\u0000\u0000\u0000\u0000\u0000\u0000\u0000\u0000\u0000\u0000\u0000\u0000\u0000\u0000\u0000\u0000\u0000\u0000\u0000\u0000\u0000\u0000\u0000\u0000\u0000\u0000\u0000\u0000\u0000\u0000\u0000\u0000\u0000\u0000\u0000\u0000\u0000\u0000\u0000\u0000\u0000\u0000\u0000\u0000\u0000\u0000\u0000\u0000\u0000\u0000\u0000\u0000\u0000\u0000\u0000\u0000\u0000\u0000\u0000\u0000\u0000\u0000\u0000\u0000\u0000\u0000\u0000",
	"Model": "HTC One mini\u0000\u0000\u0000\u0000\u0000\u0000\u0000\u0000\u0000\u0000\u0000\u0000\u0000\u0000\u0000\u0000\u0000\u0000\u0000\u0000\u0000\u0000\u0000\u0000\u0000\u0000\u0000\u0000\u0000\u0000\u0000\u0000\u0000\u0000\u0000\u0000\u0000\u0000\u0000\u0000\u0000\u0000\u0000\u0000\u0000\u0000\u0000\u0000\u0000\u0000\u0000\u0000\u0000\u0000\u0000\u0000\u0000\u0000\u0000\u0000\u0000\u0000\u0000\u0000\u0000\u0000\u0000\u0000\u0000\u0000\u0000\u0000\u0000\u0000\u0000\u0000\u0000\u0000\u0000",
	"Orientation": 1,
	"XResolution": 72,
	"YResolution": 72,
	"ResolutionUnit": 2,
	"ModifyDate": "2013:08:27 11:51:23",
	"YCbCrPositioning": 1,
	"ExifOffset": 354,
	"GPSInfo": 1462,
	"ImageWidth": 512,
	"ImageHeight": 384,
	"Compression": 6,
	"ThumbnailOffset": 1798,
	"ThumbnailLength": 48710,
	"ExposureTime": 0.000182,
	"FNumber": 2,
	"ExposureProgram": 2,
	"ISO": 125,
	"DateTimeOriginal": "2013:08:27 11:51:23",
	"CreateDate": "2013:08:27 11:51:23",
	"CompressedBitsPerPixel": 3.7021689967105265,
	"ShutterSpeedValue": 12.421431,
	"ApertureValue": 2,
	"BrightnessValue": 9.099503,
	"ExposureCompensation": 0,
	"MaxApertureValue": 2,
	"MeteringMode": 255,
	"LightSource": 0,
	"Flash": 0,
	"FocalLength": 3.82,
	"SubSecTimeOriginal": "845",
	"ColorSpace": 1,
	"ExifImageWidth": 2048,
	"ExifImageHeight": 1520,
	"InteropOffset": 1432,
	"CustomRendered": 0,
	"ExposureMode": 0,
	"WhiteBalance": 0,
	"DigitalZoomRatio": 0,
	"FocalLengthIn35mmFormat": 28,
	"SceneCaptureType": 0,
	"GainControl": 0,
	"Contrast": 0,
	"Saturation": 0,
	"Sharpness": 0,
	"GPSLatitudeRef": "N",
	"GPSLatitude": [
		53,
		13,
		57.9547
	],
	"GPSLongitudeRef": "W",
	"GPSLongitude": [
		1,
		2,
		41.3582
	],
	"GPSAltitudeRef": 0,
	"GPSAltitude": 85.699,
	"GPSTimeStamp": [
		10,
		51,
		26
	],
	"GPSProcessingMethod": "ASCII\u0000\u0000\u0000GPS",
	"GPSDateStamp": "2013:08:27",
	"InteropIndex": "R98",
	"error": "Unable to extract Makernote information as it is in an unsupported or unrecognized format."
}