{
	"ImageDescription": "DIGITAL CAMERA",
	"Make": "Pentacon",
	"Model": "Luxmedia 7203",
	"Orientation": 1,
	"XResolution": 1,
	"YResolution": 1,
	"ResolutionUnit": 2,
	"Software": "M7011M-1046",
	"ModifyDate": "2006:08:30 10:26:24",
	"YCbCrPositioning": 2,
	"Copyright": "Copyright 2006",
	"ExifOffset": 256,
	"Compression": 6,
	"ThumbnailOffset": 1532,
	"ThumbnailLength": 5904,
	"ExposureTime": 0.005065907456002594,
	"FNumber": 7.28,
	"ExposureProgram": 3,
	"ISO": 70,
	"DateTimeOriginal": "2006:08:30 10:26:24",
	"CreateDate": "2006:08:30 10:26:24",
	"CompressedBitsPerPixel": 3.970714427806713,
	"ShutterSpeedValue": null,
	"ApertureValue": 0,
	"ExposureCompensation": 0,
	"MaxApertureValue": 3.05,
	"MeteringMode": 2,
	"LightSource": 2,
	"Flash": 0,
	"FocalLength": 5.99,
	"ColorSpace": 1,
	"ExifImageWidth": 3072,
	"ExifImageHeight": 2304,
	"RelatedSoundFile": "RelatedSound",
	"InteropOffset": 1396,
	"ExposureIndex": 1,
	"SensingMethod": 2,
	"DeviceSettingDescription": [
		5000,
		5006,
		118,
		1,
		0,
		6250,
		0,
		0,
		105,
		98,
		0,
		0,
		0,
		122,
		153,
		5001,
		46,
		12,
		411,
		410,
		40,
		53,
		5002,
		150,
		22,
		771,
		131,
		0,
		126,
		138,
		132,
		5003,
		0,
		0,
		28800,
		28768,
		160,
		172,
		20690,
		34318,
		6273,
		5004,
		42,
		26,
		398,
		447,
		40,
		53,
		5005,
		122,
		0,
		6250,
		118,
		0,
		145,
		134,
		153,
		5007,
		1535,
		1095,
		1166,
		12785,
		12785,
		177,
		18101,
		12,
		12,
		54321,
		0,
		0,
		0,
		0,
		0,
		0,
		0,
		0,
		0,
		0,
		0,
		0,
		0,
		0,
		0,
		0,
		0,
		0,
		0,
		0,
		0,
		0,
		0,
		0,
		0,
		0,
		0,
		0,
		0,
		0,
		0,
		0
	],
	"InteropIndex": "R98",
	"error": "Unable to extract Makernote information as it is in an unsupported or unrecognized format."
}