{
	"ImageDescription": "DIGITAL CAMERA",
	"Make": "Pentacon",
	"Model": "Luxmedia 6503",
	"Orientation": 1,
	"XResolution": 1,
	"YResolution": 1,
	"ResolutionUnit": 2,
	"Software": "M6051-0019",
	"ModifyDate": "2010:06:05 02:50:49",
	"YCbCrPositioning": 2,
	"Copyright": "Copyright 2006",
	"ExifOffset": 254,
	"Compression": 6,
	"ThumbnailOffset": 52270,
	"ThumbnailLength": 11122,
	"ExposureTime": 0.03000030000300003,
	"FNumber": 2.88,
	"ExposureProgram": 3,
	"ISO": 110,
	"DateTimeOriginal": "2010:06:05 02:50:49",
	"CreateDate": "2010:06:05 02:50:49",
	"CompressedBitsPerPixel": 3.865009738722452,
	"ShutterSpeedValue": null,
	"ApertureValue": 0,
	"ExposureCompensation": -1.5,
	"MaxApertureValue": 4.1,
	"MeteringMode": 2,
	"LightSource": 2,
	"Flash": 1,
	"FocalLength": 5.99,
	"ColorSpace": 1,
	"ExifImageWidth": 2816,
	"ExifImageHeight": 2112,
	"RelatedSoundFile": "RelatedSound",
	"InteropOffset": 52134,
	"ExposureIndex": 1,
	"SensingMethod": 2,
	"DeviceSettingDescription": [
		5000,
		5001,
		55,
		104,
		442,
		400,
		38,
		64,
		5002,
		69,
		53,
		130,
		199,
		1,
		14,
		80,
		67,
		5003,
		1,
		1,
		1466,
		2911,
		80,
		192,
		1680,
		14,
		66,
		5004,
		38,
		0,
		529,
		419,
		38,
		64,
		5005,
		43,
		160,
		390,
		327,
		1,
		80,
		128,
		73,
		5006,
		102,
		1,
		80,
		195,
		0,
		0,
		103,
		102,
		54321,
		0,
		0,
		0,
		0,
		0,
		0,
		0,
		0,
		0,
		0,
		0,
		0,
		0,
		0,
		0,
		0,
		0,
		0,
		0,
		0,
		0,
		0,
		0,
		0,
		0,
		0,
		0,
		0,
		0,
		0,
		0,
		0,
		0,
		0,
		0,
		0,
		0,
		0,
		0,
		0,
		0,
		0,
		0,
		0,
		0,
		0,
		0
	],
	"InteropIndex": "R98",
	"error": "Unable to extract Makernote information as it is in an unsupported or unrecognized format."
}