{
	"ImageDescription": "                               ",
	"Make": "Canon",
	"Model": "Canon PowerShot SD1300 IS",
	"Orientation": 1,
	"ModifyDate": "2011:07:11 22:41:31",
	"YCbCrPositioning": 2,
	"RelatedImageWidth": 4000,
	"RelatedImageHeight": 2248,
	"ExifOffset": 2302,
	"XPTitle": [
		32,
		0,
		32,
		0,
		32,
		0,
		32,
		0,
		32,
		0,
		32,
		0,
		32,
		0,
		32,
		0,
		32,
		0,
		32,
		0,
		32,
		0,
		32,
		0,
		32,
		0,
		32,
		0,
		32,
		0,
		32,
		0,
		32,
		0,
		32,
		0,
		32,
		0,
		32,
		0,
		32,
		0,
		32,
		0,
		32,
		0,
		32,
		0,
		32,
		0,
		32,
		0,
		32,
		0,
		32,
		0,
		32,
		0,
		32,
		0,
		32,
		0,
		0,
		0
	],
	"XPSubject": [
		32,
		0,
		32,
		0,
		32,
		0,
		32,
		0,
		32,
		0,
		32,
		0,
		32,
		0,
		32,
		0,
		32,
		0,
		32,
		0,
		32,
		0,
		32,
		0,
		32,
		0,
		32,
		0,
		32,
		0,
		32,
		0,
		32,
		0,
		32,
		0,
		32,
		0,
		32,
		0,
		32,
		0,
		32,
		0,
		32,
		0,
		32,
		0,
		32,
		0,
		32,
		0,
		32,
		0,
		32,
		0,
		32,
		0,
		32,
		0,
		32,
		0,
		0,
		0
	],
	"ExposureTime": 0.016666666666666666,
	"FNumber": 2.8,
	"ISO": 125,
	"DateTimeOriginal": "2011:07:11 22:41:31",
	"CreateDate": "2011:07:11 22:41:31",
	"CompressedBitsPerPixel": 3,
	"ShutterSpeedValue": 5.90625,
	"ApertureValue": 2.96875,
	"ExposureCompensation": 0,
	"MaxApertureValue": 2.96875,
	"MeteringMode": 5,
	"Flash": 89,
	"FocalLength": 5,
	"SubSecTimeOriginal": "00",
	"SubSecTimeDigitized": "00",
	"ColorSpace": 1,
	"ExifImageWidth": 4000,
	"ExifImageHeight": 2248,
	"InteropOffset": 7490,
	"FocalPlaneXResolution": 16460.90534979424,
	"FocalPlaneYResolution": 12351.648351648351,
	"FocalPlaneResolutionUnit": 2,
	"SensingMethod": 2,
	"CustomRendered": 0,
	"ExposureMode": 0,
	"WhiteBalance": 0,
	"DigitalZoomRatio": 1,
	"SceneCaptureType": 2,
	"OffsetSchema": 4204,
	"error": "Unable to extract Makernote information as it is in an unsupported or unrecognized format."
}