{
	"Make": "Canon",
	"Model": "Canon EOS REBEL T3i",
	"Orientation": 1,
	"XResolution": 72,
	"YResolution": 72,
	"ResolutionUnit": 2,
	"ModifyDate": "2011:05:07 17:56:39",
	"Artist": "",
	"YCbCrPositioning": 2,
	"Copyright": "",
	"ExifOffset": 348,
	"Compression": 6,
	"ThumbnailOffset": 8916,
	"ThumbnailLength": 976,
	"ExposureTime": 0.003125,
	"FNumber": 5.6,
	"ExposureProgram": 1,
	"ISO": 800,
	"SensitivityType": 2,
	"RecommendedExposureIndex": 800,
	"DateTimeOriginal": "2011:05:07 17:56:39",
	"CreateDate": "2011:05:07 17:56:39",
	"ShutterSpeedValue": 8.375,
	"ApertureValue": 5,
	"ExposureCompensation": 0,
	"MeteringMode": 5,
	"Flash": 16,
	"FocalLength": 30,
	"SubSecTime": "20",
	"SubSecTimeOriginal": "20",
	"SubSecTimeDigitized": "20",
	"ColorSpace": 1,
	"ExifImageWidth": 5184,
	"ExifImageHeight": 3456,
	"InteropOffset": 8598,
	"FocalPlaneXResolution": 5728.176795580111,
	"FocalPlaneYResolution": 5808.403361344538,
	"FocalPlaneResolutionUnit": 2,
	"CustomRendered": 0,
	"ExposureMode": 1,
	"WhiteBalance": 0,
	"SceneCaptureType": 0,
	"OwnerName": "\u0000\u0000\u0000\u0000\u0000\u0000\u0000\u0000\u0000\u0000\u0000\u0000\u0000\u0000\u0000\u0000\u0000\u0000\u0000\u0000\u0000\u0000\u0000\u0000\u0000\u0000\u0000\u0000\u0000\u0000\u0000",
	"SerialNumber": "032021003986",
	"LensInfo": [
		18,
		55,
		null,
		null
	],
	"LensModel": "EF-S18-55mm f/3.5-5.6 IS II\u0000\u0000\u0000\u0000\u0000\u0000\u0000\u0000\u0000\u0000\u0000\u0000\u0000\u0000\u0000\u0000\u0000\u0000\u0000\u0000\u0000\u0000\u0000\u0000\u0000\u0000\u0000\u0000\u0000\u0000\u0000\u0000\u0000\u0000\u0000\u0000\u0000\u0000\u0000\u0000\u0000\u0000",
	"LensSerialNumber": "0000201c93\u0000",
	"InteropIndex": "R98",
	"error": "Unable to extract Makernote information as it is in an unsupported or unrecognized format."
}