{
	"ImageDescription": "\u0000\u0000L:^3h3\f\u0013MrL\"L7H3L3T#H\u0017D#N\u0016MsD3L2LwL1L#H\u0013l3]cL;l3`s\\\u0013L3D1H#^3\f",
	"Make": "Vivitar \u0000\u0000\u0000\u0000\u0000\u0000\u0000\u0000\u0000\u0000\u0000\u0000\u0000\u0000\u0000\u0000\u0000\u0000\u0000\u0000\u0000\u0000\u0000",
	"Model": "Vivicam 2005\u0000\u0000\u0000\u0000\u0000\u0000\u0000\u0000\u0000\u0000\u0000\u0000\u0000\u0000\u0000\u0000\u0000\u0000\u0000",
	"Orientation": 1,
	"XResolution": 1,
	"YResolution": 1,
	"ResolutionUnit": 2,
	"Software": "COACHWare 1.0\u0000\u0000",
	"ModifyDate": "2004:01:01:00:00:00",
	"YCbCrPositioning": 2,
	"Copyright": "Copyright 1,1999\u0000\u0000\u0000\u0000",
	"ExifOffset": 358,
	"Compression": 6,
	"ThumbnailOffset": 1401,
	"ThumbnailLength": 9452,
	"ExposureTime": 0.09632566943764687,
	"FNumber": 0.9999999906595161,
	"ExposureProgram": 3,
	"ISO": 52275,
	"DateTimeOriginal": "2004:01:01:00:00:00",
	"CreateDate": "2004:01:01:00:00:00",
	"CompressedBitsPerPixel": 2.7821354166666667,
	"ShutterSpeedValue": 3.375,
	"ApertureValue": 1.0199797869906735,
	"ExposureCompensation": 0.8809468632362468,
	"MaxApertureValue": 3.7,
	"MeteringMode": 5,
	"LightSource": 52243,
	"Flash": 60451,
	"ColorSpace": 1,
	"ExifImageWidth": 640,
	"ExifImageHeight": 480,
	"RelatedSoundFile": "\u0000\u0000\u0000\u0000\u0000\u0000\u0000\u0000\u0000\u0000\u0000\u0000",
	"InteropOffset": 1264,
	"ExposureIndex": 1,
	"SensingMethod": 2,
	"InteropIndex": "R98",
	"error": "Unable to extract Makernote information as it is in an unsupported or unrecognized format."
}