{
	"ImageDescription": "\u0000\u0000\u0000\u0000\u0000\u0000\u0000\u0000\u0000\u0000\u0000\u0000\u0000\u0000\u0000\u0000\u0000\u0000\u0000\u0000\u0000\u0000\u0000\u0000\u0000\u0000\u0000\u0000\u0000\u0000\u0000\u0000\u0000\u0000\u0000\u0000\u0000\u0000\u0000\u0000\u0000\u0000\u0000\u0000\u0000\u0000\u0000\u0000\u0000\u0000\u0000\u0000\u0000\u0000\u0000\u0000\u0000\u0000\u0000\u0000\u0000\u0000\u0000",
	"Make": "Mercury Peripherals Inc.\u0000\u0000\u0000\u0000\u0000\u0000\u0000",
	"Model": "CyberPix E-450V\u0000\u0000\u0000\u0000\u0000\u0000\u0000\u0000\u0000\u0000\u0000\u0000\u0000\u0000\u0000\u0000",
	"Orientation": 1,
	"XResolution": 1,
	"YResolution": 1,
	"ResolutionUnit": 2,
	"Software": "Ver 1.0\u0000\u0000\u0000\u0000\u0000\u0000\u0000\u0000",
	"ModifyDate": "2006:05:03 10:17:36",
	"YCbCrPositioning": 2,
	"Copyright": "Copyright Sep.2003\u0000\u0000P",
	"ExifOffset": 450,
	"Compression": 6,
	"ThumbnailOffset": 1525,
	"ThumbnailLength": 4750,
	"ExposureTime": 0.015151515151515152,
	"FNumber": 2.8,
	"ExposureProgram": 2,
	"ISO": 100,
	"DateTimeOriginal": "2006:05:03 10:17:36",
	"CreateDate": "2006:05:03 10:17:36",
	"CompressedBitsPerPixel": 1.551887755102041,
	"ShutterSpeedValue": 6.044,
	"ApertureValue": 2.971,
	"ExposureCompensation": 0,
	"MaxApertureValue": 2.7,
	"MeteringMode": 2,
	"LightSource": 0,
	"Flash": 0,
	"ColorSpace": 1,
	"ExifImageWidth": 1120,
	"ExifImageHeight": 840,
	"RelatedSoundFile": "\u0000\u0000\u0000\u0000\u0000\u0000\u0000\u0000\u0000\u0000\u0000\u0000",
	"InteropOffset": 1388,
	"ExposureIndex": 1,
	"SensingMethod": 2,
	"DigitalZoomRatio": 1,
	"FocalLengthIn35mmFormat": 42,
	"InteropIndex": "R98",
	"error": "Unable to extract Makernote information as it is in an unsupported or unrecognized format."
}