{
	"ImageDescription": "DCIM\\100MEDIA",
	"Make": "\u0000\u0000\u0000\u0000\u0000\u0000\u0000\u0000\u0000\u0000\u0000\u0000\u0000\u0000\u0000\u0000\u0000\u0000\u0000\u0000\u0000\u0000\u0000\u0000\u0000\u0000\u0000\u0000\u0000\u0000\u0000",
	"Model": "DV\u0000\u0000\u0000\u0000\u0000\u0000\u0000\u0000\u0000\u0000\u0000\u0000\u0000\u0000\u0000\u0000\u0000\u0000\u0000\u0000\u0000\u0000\u0000\u0000\u0000\u0000\u0000\u0000\u0000",
	"Orientation": 1,
	"XResolution": 72,
	"YResolution": 72,
	"ResolutionUnit": 2,
	"Software": "A2S-SDK33H-091210.0620\u0000\u0000\u0000\u0000\u0000\u0000\u0000\u0000\u0000",
	"ModifyDate": "2009:01:19 01:50:25",
	"YCbCrPositioning": 1,
	"ExifOffset": 146,
	"Compression": 6,
	"ThumbnailOffset": 2036,
	"ThumbnailLength": 21620,
	"ExposureTime": 0.0030129557095510697,
	"FNumber": 3.64,
	"ExposureProgram": 2,
	"ISO": 100,
	"DateTimeOriginal": "2009:01:19 01:50:25",
	"CreateDate": "2009:01:19 01:50:25",
	"CompressedBitsPerPixel": 1.811449592496142,
	"ShutterSpeedValue": 8.375,
	"ApertureValue": 3.73,
	"ExposureCompensation": 0,
	"MaxApertureValue": 3.73,
	"SubjectDistance": 0,
	"MeteringMode": 2,
	"LightSource": 9,
	"Flash": 16,
	"FocalLength": 6.86,
	"ColorSpace": 1,
	"ExifImageWidth": 4608,
	"ExifImageHeight": 3456,
	"InteropOffset": 1270,
	"ExposureIndex": null,
	"SensingMethod": 2,
	"CustomRendered": 0,
	"ExposureMode": 0,
	"WhiteBalance": 1,
	"DigitalZoomRatio": 3258713.064,
	"FocalLengthIn35mmFormat": 0,
	"SceneCaptureType": 0,
	"GainControl": 0,
	"Contrast": 0,
	"Saturation": 0,
	"Sharpness": 0,
	"SubjectDistanceRange": 0,
	"InteropIndex": "R98"
}