{
	"ImageDescription": "\u0000\u0000\u0000\u0000\u0000\u0000\u0000\u0000\u0000\u0000\u0000\u0000\u0000\u0000\u0000\u0000\u0000\u0000\u0000\u0000\u0000\u0000\u0000\u0000\u0000\u0000\u0000\u0000\u0000\u0000\u0000\u0000\u0000\u0000\u0000\u0000\u0000\u0000\u0000\u0000\u0000\u0000\u0000\u0000\u0000\u0000\u0000\u0000\u0000\u0000\u0000\u0000\u0000\u0000\u0000\u0000\u0000\u0000\u0000\u0000\u0000\u0000\u0000",
	"Make": "Creative\u0000\u0000\u0000\u0000\u0000\u0000\u0000\u0000\u0000\u0000\u0000\u0000\u0000\u0000\u0000\u0000\u0000\u0000\u0000\u0000\u0000\u0000\u0000",
	"Model": "Creative DC-CAM 3000Z\u0000\u0000\u0000\u0000\u0000\u0000\u0000\u0000\u0000\u0000",
	"Orientation": 0,
	"XResolution": 72,
	"YResolution": 72,
	"ResolutionUnit": 2,
	"Software": "Ver 1.0\u0000\u0000\u0000\u0000\u0000\u0000\u0000\u0000",
	"ModifyDate": "2005:06:25 11:03:44",
	"YCbCrPositioning": 2,
	"Copyright": "Copyright 1,2003\u0000\u0000\u0000\u0000",
	"ExifOffset": 359,
	"Compression": 6,
	"ThumbnailOffset": 1974,
	"ThumbnailLength": 3481,
	"ExposureTime": 0.001851851851851852,
	"FNumber": 5.619,
	"ExposureProgram": 2,
	"ISO": 100,
	"DateTimeOriginal": "2005:06:25 11:03:44",
	"CreateDate": "2005:06:25 11:03:44",
	"CompressedBitsPerPixel": 1.5941212972005208,
	"ShutterSpeedValue": 9.077,
	"ApertureValue": 4.971,
	"ExposureCompensation": 0,
	"MaxApertureValue": 2.84,
	"MeteringMode": 2,
	"LightSource": 0,
	"Flash": 1,
	"FocalLength": 5.69,
	"ColorSpace": 1,
	"ExifImageWidth": 1024,
	"ExifImageHeight": 768,
	"RelatedSoundFile": "\u0000\u0000\u0000\u0000\u0000\u0000\u0000\u0000\u0000\u0000\u0000\u0000",
	"InteropOffset": 1850,
	"ExposureIndex": 1,
	"SensingMethod": 2,
	"InteropIndex": "\u000089R",
	"error": "Unable to extract Makernote information as it is in an unsupported or unrecognized format."
}