{
	"Make": "RICOH\u0000     ",
	"Model": "GR DIGITAL 4\u0000  ",
	"Orientation": 1,
	"XResolution": 72,
	"YResolution": 72,
	"ResolutionUnit": 2,
	"Software": "GR Firmware",
	"ModifyDate": "2011:10:07 13:56:58",
	"WhitePoint": [
		0.313,
		0.329
	],
	"PrimaryChromaticities": [
		0.64,
		0.33,
		0.21,
		0.71,
		0.15,
		0.06
	],
	"YCbCrCoefficients": [
		0.299,
		0.587,
		0.114
	],
	"YCbCrPositioning": 2,
	"Copyright": "© Tetsu Sawamura",
	"ExifOffset": 480,
	"Compression": 6,
	"ThumbnailOffset": 43956,
	"ThumbnailLength": 5770,
	"ExposureTime": 0.0011494252873563218,
	"FNumber": 1.9,
	"ExposureProgram": 3,
	"ISO": 80,
	"SensitivityType": 1,
	"DateTimeOriginal": "2011:10:07 13:56:58",
	"CreateDate": "2011:10:07 13:56:58",
	"CompressedBitsPerPixel": 2.8,
	"ShutterSpeedValue": 9.731319,
	"ApertureValue": 1.9,
	"BrightnessValue": 7.1,
	"ExposureCompensation": 0,
	"MaxApertureValue": 1.9,
	"MeteringMode": 5,
	"LightSource": 0,
	"Flash": 16,
	"FocalLength": 6,
	"ColorSpace": 65535,
	"ExifImageWidth": 3648,
	"ExifImageHeight": 2736,
	"InteropOffset": 43140,
	"ExposureMode": 0,
	"WhiteBalance": 0,
	"SceneCaptureType": 0,
	"Sharpness": 0,
	"OwnerName": "                               ",
	"LensInfo": [
		6,
		6,
		1.9,
		1.9
	],
	"LensMake": "RICOH\u0000\u0000\u0000\u0000\u0000\u0000\u0000\u0000\u0000\u0000",
	"LensModel": "RICOH GR LENS\u0000\u0000\u0000\u0000\u0000\u0000\u0000\u0000\u0000\u0000\u0000\u0000\u0000\u0000\u0000\u0000\u0000\u0000\u0000\u0000\u0000\u0000\u0000\u0000\u0000\u0000\u0000\u0000\u0000\u0000\u0000\u0000\u0000\u0000",
	"Gamma": 2.2,
	"InteropIndex": "R03",
	"error": "Unable to extract Makernote information as it is in an unsupported or unrecognized format."
}