{
	"ImageDescription": "\u0000\u0000\u0000\u0000\u0000\u0010\u0002@\u0000\u0000\u0000\u0000\u0000\u0004\u0002\u0010\u0000\u0004\b\u0000\u0000\u0000\u0000\u0000\b\u0000\u0002\u0000\b\u0000\u0000\u0000\u0000\u0000\u0000\u0000\u0000\u0010\u0000P\u0000\u0014\u0000\u0000\u0000\u0000\u0000\u0000\u0000\u0000\u0000\u0004\u0000\u0001\u0000\u0000\u0000\u0000\u0002\u0000\u0000\u0000\u0000",
	"Make": "Concord Corporation\u0000\u0000\u0000\u0000\u0000\u0000\u0000\u0000\u0000\u0000\u0000\u0000",
	"Model": "Concord 2000\u0000\u0000\u0000\u0000\u0000\u0000\u0000\u0000\u0000\u0000\u0000\u0000\u0000\u0000\u0000\u0000\u0000\u0000\u0000",
	"Orientation": 1,
	"XResolution": 1,
	"YResolution": 1,
	"ResolutionUnit": 2,
	"Software": "Concord 1.0\u0000\u0000\u0000\u0000",
	"ModifyDate": "\u0000\u0000\u0000\u0000\u0002\u0000\u0000\u0000\n\u0000\u0000\u0000\u0000\u0000\u0000\u0000\u0000\u0000\u0000",
	"YCbCrPositioning": 2,
	"Copyright": "Copyright 1,1999\u0000\u0000\u0000\u0000",
	"ExifOffset": 358,
	"Compression": 6,
	"ThumbnailOffset": 1401,
	"ThumbnailLength": 4222,
	"ExposureTime": 0.06798648834228516,
	"FNumber": 9.9,
	"ExposureProgram": 3,
	"ISO": 100,
	"DateTimeOriginal": "\u0000\u0000\u0000\u0000\u0002\u0000\u0000\u0000\n\u0000\u0000\u0000\u0000\u0000\u0000\u0000\u0000\u0000\u0000",
	"CreateDate": "\u0000\u0000\u0000\u0000\u0002\u0000\u0000\u0000\n\u0000\u0000\u0000\u0000\u0000\u0000\u0000\u0000\u0000\u0000",
	"CompressedBitsPerPixel": 0.074599609375,
	"ShutterSpeedValue": 3.875,
	"ApertureValue": 3.2,
	"ExposureCompensation": null,
	"MaxApertureValue": 3.7,
	"MeteringMode": 5,
	"LightSource": 0,
	"Flash": 2064,
	"ColorSpace": 1,
	"ExifImageWidth": 640,
	"ExifImageHeight": 480,
	"RelatedSoundFile": "\u0000\u0000\u0000\u0000\u0000\u0000\u0000\u0000\u0000\u0000\u0000\u0000",
	"InteropOffset": 1264,
	"ExposureIndex": 1,
	"SensingMethod": 2,
	"InteropIndex": "R98",
	"error": "Unable to extract Makernote information as it is in an unsupported or unrecognized format."
}