{
	"ImageDescription": "\u0000\u0000\u0000\u0000\u0000\u0000\u0000\u0000\u0000\u0000\u0000\u0000\u0000\u0000\u0000\u0000\u0000\u0000\u0000\u0000\u0000\u0000\u0000\u0000\u0000\u0000\u0000\u0000\u0000\u0000\u0000\u0000\u0000\u0000\u0000\u0000\u0000\u0000\u0000\u0000\u0000\u0000\u0000\u0000\u0000\u0000\u0000\u0000\u0000\u0000\u0000\u0000\u0000\u0000\u0000\u0000\u0000\u0000\u0000\u0000\u0000\u0000\u0000",
	"Make": "Concord Camera Corp.\u0000\u0000\u0000\u0000\u0000\u0000\u0000\u0000\u0000\u0000\u0000",
	"Model": "EyeQ 3132z\u0000\u0000\u0000\u0000\u0000\u0000\u0000\u0000\u0000\u0000\u0000\u0000\u0000\u0000\u0000\u0000\u0000\u0000\u0000\u0000\u0000",
	"Orientation": 1,
	"XResolution": 1,
	"YResolution": 1,
	"ResolutionUnit": 2,
	"Software": "Ver 1.0\u0000\u0000\u0000\u0000\u0000\u0000\u0000\u0000",
	"ModifyDate": "2003:08:15 06:29:20",
	"YCbCrPositioning": 2,
	"Copyright": "Copyright 1,2003\u0000\u0000\u0000\u0000",
	"ExifOffset": 358,
	"Compression": 6,
	"ThumbnailOffset": 1985,
	"ThumbnailLength": 4082,
	"ExposureTime": 0.021739130434782608,
	"FNumber": 2.663,
	"ExposureProgram": 2,
	"ISO": 100,
	"DateTimeOriginal": "2003:08:15 06:29:20",
	"CreateDate": "2003:08:15 06:29:20",
	"CompressedBitsPerPixel": 1.5008748372395833,
	"ShutterSpeedValue": 1410,
	"ApertureValue": 2.663,
	"ExposureCompensation": 0,
	"MaxApertureValue": 2.663,
	"MeteringMode": 2,
	"LightSource": 0,
	"Flash": 0,
	"FocalLength": 5.69,
	"ColorSpace": 1,
	"ExifImageWidth": 1024,
	"ExifImageHeight": 768,
	"RelatedSoundFile": "\u0000\u0000\u0000\u0000\u0000\u0000\u0000\u0000\u0000\u0000\u0000\u0000",
	"InteropOffset": 1848,
	"ExposureIndex": 1,
	"SensingMethod": 2,
	"InteropIndex": "R98",
	"error": "Unable to extract Makernote information as it is in an unsupported or unrecognized format."
}