{
	"ImageDescription": " \u00000M DigitalCAM\u0000\u0000\u0000\u0000\u0000\u0000\u0000\u0000\u0000\u0000\u0000\u0000\u0000\u0000\u0000\u0000",
	"Make": "Concord Camera GmbH\u0000\u0000\u0000\u0000\u0000\u0000\u0000\u0000\u0000\u0000\u0000\u0000",
	"Model": "Jenoptik JD 5.2 zoom\u0000\u0000\u0000\u0000\u0000\u0000\u0000\u0000\u0000\u0000\u0000",
	"Orientation": 1,
	"XResolution": 72,
	"YResolution": 72,
	"ResolutionUnit": 2,
	"Software": "Ver 00.16",
	"ModifyDate": "2010:05:08 11:41:45",
	"YCbCrPositioning": 2,
	"Copyright": " \u0000---\u0000\u0000\u0000\u0000\u0000\u0000\u0000\u0000\u0000\u0000\u0000\u0000\u0000\u0000",
	"ExifOffset": 412,
	"Compression": 6,
	"ThumbnailOffset": 1628,
	"ThumbnailLength": 5018,
	"ExposureTime": 0.001869158878504673,
	"FNumber": 5.3,
	"ExposureProgram": 2,
	"ISO": 70,
	"DateTimeOriginal": "2010:05:08 11:41:41",
	"CreateDate": "2010:05:08 11:41:41",
	"CompressedBitsPerPixel": 2.7625060331250317,
	"BrightnessValue": 9.9,
	"ExposureCompensation": 0,
	"MaxApertureValue": 4.811,
	"MeteringMode": 5,
	"LightSource": 0,
	"Flash": 30,
	"FocalLength": 5.9,
	"SubjectArea": [
		0,
		0
	],
	"ColorSpace": 1,
	"ExifImageWidth": 2592,
	"ExifImageHeight": 1944,
	"InteropOffset": 1598,
	"CustomRendered": 0,
	"ExposureMode": 1,
	"WhiteBalance": 1,
	"DigitalZoomRatio": 1,
	"FocalLengthIn35mmFormat": 0,
	"SceneCaptureType": 0,
	"GainControl": 0,
	"Contrast": 0,
	"Saturation": 0,
	"Sharpness": 0,
	"SubjectDistanceRange": 0,
	"InteropIndex": "R98",
	"error": "Unable to extract Makernote information as it is in an unsupported or unrecognized format."
}