{
	"Make": "Motorola\u0000\u0000\u0000\u0000\u0000\u0000\u0000\u0000\u0000\u0000\u0000",
	"Model": "Motorola VE66 555554ba170d0d090909090909090909\u0000\u0000\u0000\u0000\u0000\u0000\u0000\u0000\u0000\u0000\u0000\u0000\u0000\u0000\u0000\u0000\u0000¦",
	"Orientation": 1,
	"XResolution": 300,
	"YResolution": 300,
	"ResolutionUnit": 2,
	"Software": "R6743_G_74.13.04",
	"ModifyDate": "2010:05:30 19:13:22",
	"YCbCrPositioning": 1,
	"ExifOffset": 134,
	"Compression": 6,
	"ThumbnailOffset": 856,
	"ThumbnailLength": 29721,
	"FNumber": 2.8,
	"DateTimeOriginal": "2010:05:30 19:13:22",
	"CreateDate": "2010:05:30 19:13:22",
	"ShutterSpeedValue": 8.984375,
	"ApertureValue": 2.96875,
	"MeteringMode": 2,
	"LightSource": 255,
	"Flash": 15,
	"ColorSpace": 1,
	"ExifImageWidth": 2592,
	"ExifImageHeight": 1936,
	"InteropOffset": 452,
	"FlashEnergy": 204,
	"ExposureIndex": 360,
	"SensingMethod": 1,
	"CustomRendered": 1,
	"ExposureMode": 0,
	"WhiteBalance": 3,
	"SceneCaptureType": 0,
	"Contrast": 0,
	"InteropIndex": "R98"
}