{
	"Make": "Motorola\u0000\u0000\u0000\u0000\u0000\u0000\u0000\u0000\u0000\u0000\u0000\u0000\u0000\u0000\u0000\u0000\u0000\u0000\u0000\u0000\u0000\u0000\u0000\u0000\u0000\u0000\u0000\u0000\u0000\u0000\u0000\u0000\u0000\u0000\u0000\u0000\u0000\u0000\u0000\u0000\u0000\u0000\u0000\u0000\u0000\u0000\u0000\u0000\u0000\u0000\u0000\u0000\u0000\u0000\u0000",
	"Model": "XT720\u0000\u0000\u0000\u0000\u0000\u0000\u0000\u0000\u0000\u0000\u0000\u0000\u0000\u0000\u0000\u0000\u0000\u0000\u0000\u0000\u0000\u0000\u0000\u0000\u0000\u0000\u0000\u0000\u0000\u0000\u0000\u0000\u0000\u0000\u0000\u0000\u0000\u0000\u0000\u0000\u0000\u0000\u0000\u0000\u0000\u0000\u0000\u0000\u0000\u0000\u0000\u0000\u0000\u0000\u0000\u0000\u0000\u0000",
	"Orientation": 1,
	"XResolution": 300,
	"YResolution": 300,
	"ResolutionUnit": 2,
	"Software": "2.1-update1\u0000\u0000\u0000\u0000\u0000\u0000\u0000\u0000\u0000\u0000\u0000\u0000\u0000\u0000\u0000\u0000\u0000\u0000\u0000\u0000\u0000\u0000\u0000\u0000\u0000\u0000\u0000\u0000\u0000\u0000\u0000\u0000\u0000\u0000\u0000\u0000\u0000\u0000\u0000\u0000\u0000\u0000\u0000\u0000\u0000\u0000\u0000\u0000\u0000\u0000\u0000\u0000",
	"ModifyDate": "2010:09:18 22:52:38",
	"YCbCrPositioning": 1,
	"ExifOffset": 602,
	"Compression": 6,
	"ThumbnailOffset": 2276,
	"ThumbnailLength": 13927,
	"ExposureTime": 0.01,
	"FNumber": 2.8,
	"ExposureProgram": 0,
	"ISO": 100,
	"DateTimeOriginal": "2010:09:18 22:52:38",
	"CreateDate": "2010:09:18 22:52:38",
	"ShutterSpeedValue": 6.64453125,
	"ApertureValue": 2.96875,
	"BrightnessValue": 0.0625,
	"ExposureCompensation": 0,
	"MeteringMode": 2,
	"LightSource": 21,
	"Flash": 31,
	"ColorSpace": 1,
	"ExifImageWidth": 1296,
	"ExifImageHeight": 736,
	"InteropOffset": 1610,
	"FlashEnergy": 100,
	"ExposureIndex": 100,
	"SensingMethod": 2,
	"CustomRendered": 1,
	"ExposureMode": 0,
	"WhiteBalance": 0,
	"SceneCaptureType": 0,
	"GainControl": 1,
	"Contrast": 0,
	"Saturation": 0,
	"Sharpness": 0,
	"ImageUniqueID": "\u0000\u0000\u0000\u0000\u0000\u0000\u0000\u0000\u0000\u0000\u0000\u0000\u0000\u0000\u0000\u0000\u0000\u0000\u0000\u0000\u0000\u0000\u0000\u0000\u0000\u0000\u0000\u0000\u0000\u0000\u0000\u0000\u0000",
	"InteropIndex": "R98"
}