{
	"Make": "Motorola\u0000\u0000\u0000\u0000\u0000\u0000\u0000\u0000\u0000\u0000\u0000\u0000\u0000\u0000\u0000\u0000\u0000\u0000\u0000\u0000\u0000\u0000\u0000\u0000\u0000\u0000\u0000\u0000\u0000\u0000\u0000\u0000\u0000\u0000\u0000\u0000\u0000\u0000\u0000\u0000\u0000\u0000\u0000\u0000\u0000\u0000\u0000\u0000\u0000\u0000\u0000\u0000\u0000\u0000\u0000",
	"Model": "DROID2 4efa0021ffd800000a3a513a13025025\u0000\u0000\u0000\u0000\u0000\u0000\u0000\u0000\u0000\u0000\u0000\u0000\u0000\u0000\u0000\u0000\u0000\u0000\u0000\u0000\u0000\u0000\u0000\u0000",
	"Orientation": 1,
	"XResolution": 300,
	"YResolution": 300,
	"ResolutionUnit": 2,
	"Software": "2.2\u0000\u0000\u0000\u0000\u0000\u0000\u0000\u0000\u0000\u0000\u0000\u0000\u0000\u0000\u0000\u0000\u0000\u0000\u0000\u0000\u0000\u0000\u0000\u0000\u0000\u0000\u0000\u0000\u0000\u0000\u0000\u0000\u0000\u0000\u0000\u0000\u0000\u0000\u0000\u0000\u0000\u0000\u0000\u0000\u0000\u0000\u0000\u0000\u0000\u0000\u0000\u0000\u0000\u0000\u0000\u0000\u0000\u0000\u0000\u0000",
	"ModifyDate": "2010:12:04 00:07:54",
	"YCbCrPositioning": 1,
	"ExifOffset": 686,
	"GPSInfo": 2084,
	"Compression": 6,
	"ThumbnailOffset": 2860,
	"ThumbnailLength": 38078,
	"ExposureTime": 0.066667,
	"FNumber": 2.8,
	"ExposureProgram": 7,
	"ISO": 398,
	"DateTimeOriginal": "2010:12:04 00:07:54",
	"CreateDate": "2010:12:04 00:07:54",
	"CompressedBitsPerPixel": 4,
	"ShutterSpeedValue": 3.90625,
	"ApertureValue": 2.96875,
	"BrightnessValue": -0.3203125,
	"ExposureCompensation": 0,
	"MaxApertureValue": 2.96875,
	"SubjectDistance": 0,
	"MeteringMode": 2,
	"LightSource": 17,
	"Flash": 24,
	"FocalLength": 4,
	"ColorSpace": 1,
	"ExifImageWidth": 2592,
	"ExifImageHeight": 1456,
	"InteropOffset": 1472,
	"ExposureIndex": 398,
	"SensingMethod": 2,
	"CustomRendered": 1,
	"ExposureMode": 0,
	"WhiteBalance": 0,
	"DigitalZoomRatio": 0,
	"FocalLengthIn35mmFormat": 30,
	"SceneCaptureType": 2,
	"GainControl": 2,
	"Contrast": 0,
	"Saturation": 0,
	"Sharpness": 0,
	"SubjectDistanceRange": 0,
	"ImageUniqueID": "\u0000\u0000\u0000\u0000\u0000\u0000\u0000\u0000\u0000\u0000\u0000\u0000\u0000\u0000\u0000\u0000\u0000\u0000\u0000\u0000\u0000\u0000\u0000\u0000\u0000\u0000\u0000\u0000\u0000\u0000\u0000\u0000\u0000",
	"GPSVersionID": [
		2,
		2,
		0,
		0
	],
	"GPSLatitudeRef": "N",
	"GPSLatitude": [
		40,
		51,
		3
	],
	"GPSLongitudeRef": "W",
	"GPSLongitude": [
		73,
		56,
		19
	],
	"GPSAltitudeRef": 0,
	"GPSAltitude": 0,
	"GPSTimeStamp": [
		0,
		7,
		31
	],
	"GPSMapDatum": "Unknown",
	"GPSDateStamp": "2010:12:04",
	"InteropIndex": "R98"
}