{
	"ImageDescription": "SANYO DIGITAL CAMERA",
	"Make": "SANYO Electric Co.,Ltd.",
	"Model": "SX215",
	"Orientation": 1,
	"XResolution": 72,
	"YResolution": 72,
	"Software": "V215-77",
	"ModifyDate": "2002:02:01 00:00:00",
	"YCbCrPositioning": 2,
	"ExifOffset": 244,
	"Compression": 6,
	"ThumbnailOffset": 1592,
	"ThumbnailLength": 14942,
	"ExposureTime": "1/158",
	"FNumber": 5,
	"ISO": 100,
	"ExifVersion": "2.1",
	"DateTimeOriginal": "2002:02:01 00:00:00",
	"CreateDate": "2002:02:01 00:00:00",
	"CompressedBitsPerPixel": 2,
	"ExposureCompensation": 0,
	"UserComment": "",
	"FlashpixVersion": "1",
	"ExifImageWidth": 1600,
	"ExifImageHeight": 1200,
	"MakerNoteOffset": 916,
	"SpecialMode": [
		536911909,
		2063599104,
		2063627264
	],
	"SanyoQuality": 261,
	"Macro": 0,
	"DigitalZoom": 0.20224607004595402,
	"SequentialShot": 0,
	"WideRange": 0,
	"ColorAdjustmentMode": 0,
	"QuickShot": 0,
	"SelfTimer": 0,
	"VoiceMemo": 0,
	"RecordShutterRelease": 0,
	"FlickerReduce": 0,
	"OpticalZoomOn": 1,
	"DigitalZoomOn": 0,
	"LightSourceSpecial": 0,
	"Resaved": 0,
	"SceneSelect": 0,
	"ManualFocusDistance": 0.0006345177664974619,
	"SequenceShotInterval": 0,
	"FlashMode": 3,
	"DataDump": [
		33619968,
		65540,
		104333312,
		33685504,
		65540,
		979238912,
		0,
		4718592,
		65536,
		4718592,
		65536,
		3640590336,
		3305167871,
		16843008,
		16843009,
		16843009,
		33685761,
		33686019,
		50594306,
		84083203,
		84215044,
		84149252,
		84281094,
		67438341,
		101254660,
		134744071,
		100993032,
		134810121,
		134743817,
		16843016,
		33686017,
		67240452
	]
}