{
	"ImageDescription": "\u0000\u0000\u0002\u0000\b\u0001\u0000\u0014 \u0004\u0000\u0000 P\u0000\u0005\bP \u0000(P\n@\u0000\u0000\nP\u0002\u0000\u0000\u0001\b\u0000\u0002\u0000\b@\u0001\u0000\u0000\u0000\b\u0000(\u0010\u0000\u0010 \u0000 \u0000\u0000\u0000\n\u0000\b\u0000\nP\n\u0010\b",
	"Make": "Polaroid          \u0000\u0000\u0000\u0000\u0000\u0000\u0000\u0000\u0000\u0000\u0000\u0000\u0000",
	"Model": "PDC1075  \u0000\u0000\u0000\u0000\u0000\u0000\u0000\u0000\u0000\u0000\u0000\u0000\u0000\u0000\u0000\u0000\u0000\u0000\u0000\u0000\u0000\u0000",
	"Orientation": 1,
	"XResolution": 1,
	"YResolution": 1,
	"ResolutionUnit": 2,
	"Software": "COACHWare 1.0\u0000\u0000",
	"ModifyDate": "2003:01:01:18:00:00",
	"YCbCrPositioning": 2,
	"Copyright": "Copyright 1,1999\u0000\u0000\u0000\u0000",
	"ExifOffset": 358,
	"Compression": 6,
	"ThumbnailOffset": 1433,
	"ThumbnailLength": 16316,
	"ExposureTime": 0.04423750936985016,
	"FNumber": null,
	"ExposureProgram": 3,
	"ISO": 0,
	"DateTimeOriginal": "2003:01:01:18:00:00",
	"CreateDate": "2003:01:01:18:00:00",
	"CompressedBitsPerPixel": 3.7236848958333333,
	"ShutterSpeedValue": 4.5,
	"ApertureValue": null,
	"ExposureCompensation": null,
	"MaxApertureValue": 3.7,
	"MeteringMode": 5,
	"LightSource": 0,
	"Flash": 0,
	"ColorSpace": 1,
	"ExifImageWidth": 1280,
	"ExifImageHeight": 960,
	"RelatedSoundFile": "\u0000\u0000\u0000\u0000\u0000\u0000\u0000\u0000\u0000\u0000\u0000\u0000",
	"InteropOffset": 1296,
	"ExposureIndex": 1,
	"SensingMethod": 2,
	"DigitalZoomRatio": null,
	"FocalLengthIn35mmFormat": 0,
	"InteropIndex": "R98",
	"error": "Unable to extract Makernote information as it is in an unsupported or unrecognized format."
}