{
	"ImageDescription": "\u0000\u0000*U*U*U*\u0015*U*U*U*U*U*U*U*U*U*U*U*U*U*U*U*U*u*U*U*U*",
	"Make": "Polaroid          \u0000\u0000\u0000\u0000\u0000\u0000\u0000\u0000\u0000\u0000\u0000\u0000\u0000",
	"Model": "ION 230  \u0000\u0000\u0000\u0000\u0000\u0000\u0000\u0000\u0000\u0000\u0000\u0000\u0000\u0000\u0000\u0000\u0000\u0000\u0000\u0000\u0000\u0000",
	"Orientation": 1,
	"XResolution": 1,
	"YResolution": 1,
	"ResolutionUnit": 2,
	"Software": "COACHWare 1.0\u0000\u0000",
	"ModifyDate": "2003:01:01:00:00:00",
	"YCbCrPositioning": 2,
	"Copyright": "Copyright 1,1999\u0000\u0000\u0000\u0000",
	"ExifOffset": 358,
	"Compression": 6,
	"ThumbnailOffset": 1433,
	"ThumbnailLength": 6704,
	"ExposureTime": 0.0809316374361515,
	"FNumber": null,
	"ExposureProgram": 3,
	"ISO": 0,
	"DateTimeOriginal": "2003:01:01:00:00:00",
	"CreateDate": "2003:01:01:00:00:00",
	"CompressedBitsPerPixel": 2.2920333333333334,
	"ShutterSpeedValue": 3.625,
	"ApertureValue": null,
	"ExposureCompensation": null,
	"MaxApertureValue": 3.7,
	"MeteringMode": 5,
	"LightSource": 0,
	"Flash": 35409,
	"ColorSpace": 1,
	"ExifImageWidth": 800,
	"ExifImageHeight": 600,
	"RelatedSoundFile": "\u0000\u0000\u0000\u0000\u0000\u0000\u0000\u0000\u0000\u0000\u0000\u0000",
	"InteropOffset": 1296,
	"ExposureIndex": 1,
	"SensingMethod": 2,
	"DigitalZoomRatio": null,
	"FocalLengthIn35mmFormat": 0,
	"InteropIndex": "R98",
	"error": "Unable to extract Makernote information as it is in an unsupported or unrecognized format."
}