{
	"Make": "LG",
	"Model": "GW550",
	"ExifOffset": 56,
	"Compression": 6,
	"XResolution": 2.666881740093231,
	"YResolution": 2.666881740093231,
	"ResolutionUnit": 2,
	"ThumbnailOffset": 268,
	"ThumbnailLength": 8373,
	"DateTimeOriginal": "2011:8:22 19:52:46\u0000",
	"CreateDate": "2011:8:22 19:52:46\u0000",
	"ExifImageWidth": 640,
	"ExifImageHeight": 480
}