{
	"ModifyDate": "2009.02.16\u0000\u0000\u0000\u0000\u0000\u0000\u0000\u0000\u0000",
	"Make": "LG Electronics Inc.",
	"Model": "KG920\u0000\u0000\u0000\u0000\u0000\u0000\u0000\u0000\u0000\u0000\u0000\u0000\u0000\u0000",
	"ExifOffset": 122,
	"ImageWidth": 320,
	"ImageHeight": 240,
	"Compression": 6,
	"ThumbnailOffset": 440,
	"ThumbnailLength": 60501,
	"ExposureTime": 0.003194887191057205,
	"FNumber": 5.6,
	"ISO": [],
	"ShutterSpeedValue": 8.291824340820312,
	"ApertureValue": 4.971,
	"BrightnessValue": 8.26495361328125,
	"ExposureCompensation": 0,
	"MeteringMode": 4,
	"Flash": 16,
	"FocalPlaneXResolution": 0.5675318961724594,
	"FocalPlaneYResolution": 0.42542894852617685,
	"FocalPlaneResolutionUnit": 3,
	"ExposureMode": 0,
	"WhiteBalance": 1
}