{
	"ImageDescription": " \u00000M DigitalCAM\u0000\u0000\u0000\u0000\u0000\u0000\u0000\u0000\u0000\u0000\u0000\u0000\u0000\u0000\u0000\u0000",
	"Make": "Concord Camera Corp.\u0000\u0000\u0000\u0000\u0000\u0000\u0000\u0000\u0000\u0000\u0000",
	"Model": "Concord 5340z\u0000M\u0000\u0000\u0000\u0000\u0000\u0000\u0000\u0000\u0000\u0000\u0000\u0000\u0000\u0000\u0000\u0000",
	"Orientation": 1,
	"XResolution": 72,
	"YResolution": 72,
	"ResolutionUnit": 2,
	"Software": "Ver 00.16",
	"ModifyDate": "2010:04:24 10:31:25",
	"YCbCrPositioning": 2,
	"Copyright": " \u0000---\u0000\u0000\u0000\u0000\u0000\u0000\u0000\u0000\u0000\u0000\u0000\u0000\u0000\u0000",
	"ExifOffset": 412,
	"Compression": 6,
	"ThumbnailOffset": 1628,
	"ThumbnailLength": 4868,
	"ExposureTime": 0.022222222222222223,
	"FNumber": 2.6,
	"ExposureProgram": 2,
	"ISO": 100,
	"DateTimeOriginal": "2010:04:24 10:31:21",
	"CreateDate": "2010:04:24 10:31:21",
	"CompressedBitsPerPixel": 2.71647011380379,
	"BrightnessValue": 3.763,
	"ExposureCompensation": 0,
	"MaxApertureValue": 2.757,
	"MeteringMode": 5,
	"LightSource": 0,
	"Flash": 15,
	"FocalLength": 5.9,
	"SubjectArea": [
		0,
		0
	],
	"ColorSpace": 1,
	"ExifImageWidth": 2592,
	"ExifImageHeight": 1944,
	"InteropOffset": 1598,
	"CustomRendered": 0,
	"ExposureMode": 1,
	"WhiteBalance": 1,
	"DigitalZoomRatio": 1,
	"FocalLengthIn35mmFormat": 0,
	"SceneCaptureType": 0,
	"GainControl": 0,
	"Contrast": 0,
	"Saturation": 0,
	"Sharpness": 0,
	"SubjectDistanceRange": 0,
	"InteropIndex": "R98",
	"error": "Unable to extract Makernote information as it is in an unsupported or unrecognized format."
}