{
	"Make": "Canon",
	"Model": "Canon EOS 1100D",
	"Orientation": 1,
	"XResolution": 72,
	"YResolution": 72,
	"ResolutionUnit": 2,
	"ModifyDate": "2011:01:01 00:25:39",
	"Artist": "",
	"YCbCrPositioning": 2,
	"Copyright": "",
	"ExifOffset": 348,
	"Compression": 6,
	"ThumbnailOffset": 9040,
	"ThumbnailLength": 18192,
	"ExposureTime": 0.002,
	"FNumber": 8,
	"ExposureProgram": 3,
	"ISO": 100,
	"SensitivityType": 2,
	"RecommendedExposureIndex": 100,
	"DateTimeOriginal": "2011:01:01 00:25:39",
	"CreateDate": "2011:01:01 00:25:39",
	"ShutterSpeedValue": 9,
	"ApertureValue": 6,
	"ExposureCompensation": 0,
	"MeteringMode": 5,
	"Flash": 16,
	"FocalLength": 39,
	"SubSecTime": "00",
	"SubSecTimeOriginal": "00",
	"SubSecTimeDigitized": "00",
	"ColorSpace": 1,
	"ExifImageWidth": 4272,
	"ExifImageHeight": 2848,
	"InteropOffset": 8720,
	"FocalPlaneXResolution": 4720.441988950276,
	"FocalPlaneYResolution": 4786.55462184874,
	"FocalPlaneResolutionUnit": 2,
	"CustomRendered": 0,
	"ExposureMode": 0,
	"WhiteBalance": 0,
	"SceneCaptureType": 0,
	"OwnerName": "\u0000\u0000\u0000\u0000\u0000\u0000\u0000\u0000\u0000\u0000\u0000\u0000\u0000\u0000\u0000\u0000\u0000\u0000\u0000\u0000\u0000\u0000\u0000\u0000\u0000\u0000\u0000\u0000\u0000\u0000\u0000",
	"SerialNumber": "000500066218",
	"LensInfo": [
		18,
		55,
		null,
		null
	],
	"LensModel": "EF-S18-55mm f/3.5-5.6 IS II\u0000\u0000\u0000\u0000\u0000\u0000\u0000\u0000\u0000\u0000\u0000\u0000\u0000\u0000\u0000\u0000\u0000\u0000\u0000\u0000\u0000\u0000\u0000\u0000\u0000\u0000\u0000\u0000\u0000\u0000\u0000\u0000\u0000\u0000\u0000\u0000\u0000\u0000\u0000\u0000\u0000\u0000",
	"LensSerialNumber": "00000004e3\u0000",
	"InteropIndex": "R98",
	"error": "Unable to extract Makernote information as it is in an unsupported or unrecognized format."
}