{
	"Make": "Canon",
	"Model": "Canon EOS Kiss X5",
	"Orientation": 1,
	"XResolution": 72,
	"YResolution": 72,
	"ResolutionUnit": 2,
	"ModifyDate": "2010:12:19 15:23:21",
	"Artist": "",
	"YCbCrPositioning": 2,
	"Copyright": "",
	"ExifOffset": 348,
	"Compression": 6,
	"ThumbnailOffset": 8916,
	"ThumbnailLength": 18944,
	"ExposureTime": 0.0025,
	"FNumber": 6.3,
	"ExposureProgram": 2,
	"ISO": 1600,
	"SensitivityType": 2,
	"RecommendedExposureIndex": 1600,
	"DateTimeOriginal": "2010:12:19 15:23:21",
	"CreateDate": "2010:12:19 15:23:21",
	"ShutterSpeedValue": 8.625,
	"ApertureValue": 5.375,
	"ExposureCompensation": 0,
	"MeteringMode": 5,
	"Flash": 16,
	"FocalLength": 250,
	"SubSecTime": "00",
	"SubSecTimeOriginal": "00",
	"SubSecTimeDigitized": "00",
	"ColorSpace": 1,
	"ExifImageWidth": 5184,
	"ExifImageHeight": 3456,
	"InteropOffset": 8598,
	"FocalPlaneXResolution": 5728.176795580111,
	"FocalPlaneYResolution": 5808.403361344538,
	"FocalPlaneResolutionUnit": 2,
	"CustomRendered": 0,
	"ExposureMode": 0,
	"WhiteBalance": 0,
	"SceneCaptureType": 0,
	"OwnerName": "\u0000\u0000\u0000\u0000\u0000\u0000\u0000\u0000\u0000\u0000\u0000\u0000\u0000\u0000\u0000\u0000\u0000\u0000\u0000\u0000\u0000\u0000\u0000\u0000\u0000\u0000\u0000\u0000\u0000\u0000\u0000",
	"SerialNumber": "000019900153",
	"LensInfo": [
		55,
		250,
		null,
		null
	],
	"LensModel": "EF-S55-250mm f/4-5.6 IS\u0000\u0000\u0000\u0000\u0000\u0000\u0000\u0000\u0000\u0000\u0000\u0000\u0000\u0000\u0000\u0000\u0000\u0000\u0000\u0000\u0000\u0000\u0000\u0000\u0000\u0000\u0000\u0000\u0000\u0000\u0000\u0000\u0000\u0000\u0000\u0000\u0000\u0000\u0000\u0000\u0000\u0000\u0000\u0000\u0000\u0000",
	"LensSerialNumber": "00002042bc\u0000",
	"InteropIndex": "R98",
	"error": "Unable to extract Makernote information as it is in an unsupported or unrecognized format."
}