{
	"Make": "Canon",
	"Model": "Canon EOS REBEL T3",
	"Orientation": 1,
	"XResolution": 72,
	"YResolution": 72,
	"ResolutionUnit": 2,
	"ModifyDate": "2011:02:02 07:17:41",
	"Artist": "",
	"YCbCrPositioning": 2,
	"Copyright": "",
	"ExifOffset": 348,
	"Compression": 6,
	"ThumbnailOffset": 9040,
	"ThumbnailLength": 14432,
	"ExposureTime": 0.025,
	"FNumber": 5.6,
	"ExposureProgram": 1,
	"ISO": 100,
	"SensitivityType": 2,
	"RecommendedExposureIndex": 100,
	"DateTimeOriginal": "2011:02:02 07:17:41",
	"CreateDate": "2011:02:02 07:17:41",
	"ShutterSpeedValue": 5.375,
	"ApertureValue": 5,
	"ExposureCompensation": 0,
	"MeteringMode": 5,
	"Flash": 16,
	"FocalLength": 70,
	"SubSecTime": "11",
	"SubSecTimeOriginal": "11",
	"SubSecTimeDigitized": "11",
	"ColorSpace": 1,
	"ExifImageWidth": 720,
	"ExifImageHeight": 480,
	"InteropOffset": 8720,
	"FocalPlaneXResolution": 795.5801104972376,
	"FocalPlaneYResolution": 806.7226890756302,
	"FocalPlaneResolutionUnit": 2,
	"CustomRendered": 0,
	"ExposureMode": 1,
	"WhiteBalance": 1,
	"SceneCaptureType": 0,
	"OwnerName": "\u0000\u0000\u0000\u0000\u0000\u0000\u0000\u0000\u0000\u0000\u0000\u0000\u0000\u0000\u0000\u0000\u0000\u0000\u0000\u0000\u0000\u0000\u0000\u0000\u0000\u0000\u0000\u0000\u0000\u0000\u0000",
	"SerialNumber": "000500065857",
	"LensInfo": [
		70,
		70,
		null,
		null
	],
	"LensModel": "EF50mm f/2.5 Compact Macro +LSC\u0000\u0000\u0000\u0000\u0000\u0000\u0000\u0000\u0000\u0000\u0000\u0000\u0000\u0000\u0000\u0000\u0000\u0000\u0000\u0000\u0000\u0000\u0000\u0000\u0000\u0000\u0000\u0000\u0000\u0000\u0000\u0000\u0000\u0000\u0000\u0000\u0000\u0000",
	"LensSerialNumber": "0000000000\u0000",
	"InteropIndex": "R98",
	"error": "Unable to extract Makernote information as it is in an unsupported or unrecognized format."
}