{
	"ImageDescription": "SANYO DIGITAL CAMERA",
	"Make": "SANYO Electric Co.,Ltd",
	"Model": "SR813",
	"Orientation": 1,
	"XResolution": 72,
	"YResolution": 72,
	"ResolutionUnit": 2,
	"Software": "v813p-73",
	"ModifyDate": "0000:00:00 00:00:00",
	"YCbCrPositioning": 2,
	"ExifOffset": 284,
	"Compression": 6,
	"ThumbnailOffset": 2012,
	"ThumbnailLength": 4048,
	"ExposureTime": 0.03333333333333333,
	"FNumber": 2.8,
	"ExposureProgram": 2,
	"ISO": 100,
	"DateTimeOriginal": "0000:00:00 00:00:00",
	"CreateDate": "0000:00:00 00:00:00",
	"CompressedBitsPerPixel": 1,
	"ExposureCompensation": 0,
	"MaxApertureValue": 3,
	"MeteringMode": 5,
	"LightSource": 0,
	"Flash": 1,
	"FocalLength": 5.5,
	"ColorSpace": 1,
	"ExifImageWidth": 1280,
	"ExifImageHeight": 960,
	"InteropOffset": 886,
	"InteropIndex": "R98",
	"SpecialMode": [
		1,
		990,
		265984
	],
	"SanyoQuality": 5,
	"Macro": 0,
	"DigitalZoom": 0.03006012024048096,
	"DataDump": [
		0,
		0,
		0,
		0,
		0,
		10,
		2147538944,
		3326720,
		16777216,
		0,
		4994,
		256,
		4994,
		65025,
		4177531778,
		9474,
		17072897,
		1829295625,
		2298675294,
		939789828,
		1284,
		78899,
		1577058304,
		33685598,
		2561,
		0,
		0,
		35061760,
		3997696,
		2148205340
	]
}