{
	"Make": "Motorola\u0000\u0000\u0000\u0000\u0000\u0000\u0000\u0000\u0000\u0000\u0000\u0000\u0000\u0000\u0000\u0000\u0000\u0000\u0000\u0000\u0000\u0000\u0000\u0000\u0000\u0000\u0000\u0000\u0000\u0000\u0000\u0000\u0000\u0000\u0000\u0000\u0000\u0000\u0000\u0000\u0000\u0000\u0000\u0000\u0000\u0000\u0000\u0000\u0000\u0000\u0000\u0000\u0000\u0000\u0000",
	"Model": "Milestone\u0000\u0000\u0000\u0000\u0000\u0000\u0000\u0000\u0000\u0000\u0000\u0000\u0000\u0000\u0000\u0000\u0000\u0000\u0000\u0000\u0000\u0000\u0000\u0000\u0000\u0000\u0000\u0000\u0000\u0000\u0000\u0000\u0000\u0000\u0000\u0000\u0000\u0000\u0000\u0000\u0000\u0000\u0000\u0000\u0000\u0000\u0000\u0000\u0000\u0000\u0000\u0000\u0000\u0000",
	"Orientation": 1,
	"XResolution": 300,
	"YResolution": 300,
	"ResolutionUnit": 2,
	"Software": "2.0.1\u0000\u0000\u0000\u0000\u0000\u0000\u0000\u0000\u0000\u0000\u0000\u0000\u0000\u0000\u0000\u0000\u0000\u0000\u0000\u0000\u0000\u0000\u0000\u0000\u0000\u0000\u0000\u0000\u0000\u0000\u0000\u0000\u0000\u0000\u0000\u0000\u0000\u0000\u0000\u0000\u0000\u0000\u0000\u0000\u0000\u0000\u0000\u0000\u0000\u0000\u0000\u0000\u0000\u0000\u0000\u0000\u0000\u0000",
	"ModifyDate": "2010:05:03 01:55:28",
	"YCbCrPositioning": 1,
	"ExifOffset": 602,
	"GPSInfo": 2222,
	"Compression": 6,
	"ThumbnailOffset": 2930,
	"ThumbnailLength": 22691,
	"ExposureTime": 0.1,
	"FNumber": 2.8,
	"ExposureProgram": 2,
	"ISO": 125,
	"DateTimeOriginal": "2010:05:03 01:55:28",
	"CreateDate": "2010:05:03 01:55:28",
	"ShutterSpeedValue": 3.3203125,
	"ApertureValue": 2.96875,
	"BrightnessValue": -2.14453125,
	"ExposureCompensation": 0,
	"MeteringMode": 2,
	"LightSource": 255,
	"Flash": 31,
	"ColorSpace": 1,
	"ExifImageWidth": 2592,
	"ExifImageHeight": 1936,
	"InteropOffset": 1610,
	"FlashEnergy": 100,
	"ExposureIndex": 125,
	"SensingMethod": 2,
	"CustomRendered": 1,
	"ExposureMode": 0,
	"WhiteBalance": 0,
	"SceneCaptureType": 0,
	"GainControl": 1,
	"Contrast": 0,
	"Saturation": 0,
	"Sharpness": 0,
	"ImageUniqueID": "\u0000\u0000\u0000\u0000\u0000\u0000\u0000\u0000\u0000\u0000\u0000\u0000\u0000\u0000\u0000\u0000\u0000\u0000\u0000\u0000\u0000\u0000\u0000\u0000\u0000\u0000\u0000\u0000\u0000\u0000\u0000\u0000\u0000",
	"GPSVersionID": [
		2,
		2,
		0,
		0
	],
	"GPSLatitudeRef": "N",
	"GPSLatitude": [
		45,
		32,
		31
	],
	"GPSLongitudeRef": "W",
	"GPSLongitude": [
		73,
		44,
		5
	],
	"InteropIndex": "R98"
}