{
	"Make": "Motorola\u0000\u0000\u0000\u0000\u0000\u0000\u0000\u0000\u0000\u0000\u0000\u0000\u0000\u0000\u0000\u0000\u0000\u0000\u0000\u0000\u0000\u0000\u0000\u0000\u0000\u0000\u0000\u0000\u0000\u0000\u0000\u0000\u0000\u0000\u0000\u0000\u0000\u0000\u0000\u0000\u0000\u0000\u0000\u0000\u0000\u0000\u0000\u0000\u0000\u0000\u0000\u0000\u0000\u0000\u0000",
	"Model": "DROID2 GLOBAL 2f140001ffd800000a3a9c5303026017\u0000\u0000\u0000\u0000\u0000\u0000\u0000\u0000\u0000\u0000\u0000\u0000\u0000\u0000\u0000\u0000\u0000",
	"Orientation": 1,
	"XResolution": 300,
	"YResolution": 300,
	"ResolutionUnit": 2,
	"Software": "2.2\u0000\u0000\u0000\u0000\u0000\u0000\u0000\u0000\u0000\u0000\u0000\u0000\u0000\u0000\u0000\u0000\u0000\u0000\u0000\u0000\u0000\u0000\u0000\u0000\u0000\u0000\u0000\u0000\u0000\u0000\u0000\u0000\u0000\u0000\u0000\u0000\u0000\u0000\u0000\u0000\u0000\u0000\u0000\u0000\u0000\u0000\u0000\u0000\u0000\u0000\u0000\u0000\u0000\u0000\u0000\u0000\u0000\u0000\u0000\u0000",
	"ModifyDate": "2011:02:26 04:03:46",
	"YCbCrPositioning": 1,
	"ExifOffset": 686,
	"GPSInfo": 2092,
	"Compression": 6,
	"ThumbnailOffset": 2868,
	"ThumbnailLength": 38080,
	"ExposureTime": 0.066667,
	"FNumber": 2.8,
	"ExposureProgram": 7,
	"ISO": 794,
	"DateTimeOriginal": "2011:02:26 04:03:46",
	"CreateDate": "2011:02:26 04:03:46",
	"CompressedBitsPerPixel": 4,
	"ShutterSpeedValue": 3.90625,
	"ApertureValue": 2.96875,
	"BrightnessValue": -4.85546875,
	"ExposureCompensation": 0,
	"MaxApertureValue": 2.96875,
	"SubjectDistance": 0,
	"MeteringMode": 2,
	"LightSource": 255,
	"Flash": 31,
	"FocalLength": 4,
	"ColorSpace": 1,
	"ExifImageWidth": 2592,
	"ExifImageHeight": 1456,
	"InteropOffset": 1480,
	"FlashEnergy": 100,
	"ExposureIndex": 794,
	"SensingMethod": 2,
	"CustomRendered": 1,
	"ExposureMode": 0,
	"WhiteBalance": 0,
	"DigitalZoomRatio": 0,
	"FocalLengthIn35mmFormat": 30,
	"SceneCaptureType": 2,
	"GainControl": 2,
	"Contrast": 0,
	"Saturation": 0,
	"Sharpness": 0,
	"SubjectDistanceRange": 0,
	"ImageUniqueID": "\u0000\u0000\u0000\u0000\u0000\u0000\u0000\u0000\u0000\u0000\u0000\u0000\u0000\u0000\u0000\u0000\u0000\u0000\u0000\u0000\u0000\u0000\u0000\u0000\u0000\u0000\u0000\u0000\u0000\u0000\u0000\u0000\u0000",
	"GPSVersionID": [
		2,
		2,
		0,
		0
	],
	"GPSLatitudeRef": "S",
	"GPSLatitude": [
		0,
		12,
		45
	],
	"GPSLongitudeRef": "W",
	"GPSLongitude": [
		78,
		29,
		21
	],
	"GPSAltitudeRef": 0,
	"GPSAltitude": 0,
	"GPSTimeStamp": [
		4,
		3,
		20
	],
	"GPSMapDatum": "Unknown",
	"GPSDateStamp": "2011:02:26",
	"InteropIndex": "R98"
}