{
	"ImageDescription": "\u0000\u0000~",
	"Make": "Samsung Techwin\u0000\u0000\u0000\u0000\u0000\u0000\u0000\u0000\u0000\u0000\u0000\u0000\u0000\u0000\u0000\u0000",
	"Model": "Digimax V4\u0000\u0000\u0000\u0000\u0000\u0000\u0000\u0000\u0000\u0000\u0000\u0000\u0000\u0000\u0000\u0000\u0000\u0000\u0000\u0000\u0000",
	"Orientation": 1,
	"XResolution": 1,
	"YResolution": 1,
	"ResolutionUnit": 2,
	"Software": "Ver 1.0\u0000\u0000\u0000\u0000\u0000\u0000\u0000\u0000",
	"ModifyDate": "2004:12:31 21:01:39",
	"YCbCrPositioning": 2,
	"Copyright": "Copyright 1,2003\u0000\u0000\u0000\u0000",
	"ExifOffset": 358,
	"Compression": 6,
	"ThumbnailOffset": 1433,
	"ThumbnailLength": 8116,
	"ExposureTime": 0.016666666666666666,
	"FNumber": 2.8,
	"ExposureProgram": 3,
	"ISO": 140,
	"DateTimeOriginal": "2004:12:31 21:01:39",
	"CreateDate": "2004:12:31 21:01:39",
	"CompressedBitsPerPixel": 1.999030612244898,
	"ShutterSpeedValue": 0.016666666666666666,
	"ApertureValue": 2.8,
	"ExposureCompensation": 0,
	"MaxApertureValue": 3.7,
	"MeteringMode": 5,
	"LightSource": 0,
	"Flash": 1,
	"ColorSpace": 1,
	"ExifImageWidth": 1120,
	"ExifImageHeight": 840,
	"RelatedSoundFile": "\u0000\u0000\u0000\u0000\u0000\u0000\u0000\u0000\u0000\u0000\u0000\u0000",
	"InteropOffset": 1296,
	"ExposureIndex": 1,
	"SensingMethod": 2,
	"DigitalZoomRatio": null,
	"FocalLengthIn35mmFormat": 0,
	"InteropIndex": "R98",
	"error": "Unable to extract Makernote information as it is in an unsupported or unrecognized format."
}