{
	"Make": "SAMSUNG",
	"Model": "SAMSUNG ES30/VLUU ES30\u0000\u0000\u0000\u0000\u0000\u0000\u0000\u0000\u0000\u0000\u0000\u0000\u0000\u0000\u0000\u0000\u0000\u0000\u0000\u0000\u0000\u0000\u0000\u0000\u0000\u0000\u0000\u0000\u0000\u0000\u0000\u0000\u0000\u0000\u0000\u0000\u0000\u0000",
	"Orientation": 1,
	"XResolution": 1,
	"YResolution": 1,
	"ResolutionUnit": 2,
	"Software": "  0.7100",
	"ModifyDate": "2010:12:08 23:50:30",
	"YCbCrPositioning": 2,
	"Copyright": "Copyright 2010",
	"ExifOffset": 276,
	"Compression": 6,
	"ThumbnailOffset": 4010,
	"ThumbnailLength": 3902,
	"ExposureTime": 0.022222222222222223,
	"FNumber": 3.5,
	"ExposureProgram": 2,
	"ISO": 80,
	"DateTimeOriginal": "2010:12:08 23:50:30",
	"CreateDate": "2010:12:08 23:50:30",
	"CompressedBitsPerPixel": 1.8400224673202614,
	"ShutterSpeedValue": 5.524,
	"ApertureValue": 3.615,
	"ExposureCompensation": 0,
	"MaxApertureValue": 3.615,
	"MeteringMode": 4,
	"LightSource": 0,
	"Flash": 1,
	"FocalLength": 4.9,
	"ColorSpace": 1,
	"ExifImageWidth": 3264,
	"ExifImageHeight": 2448,
	"InteropOffset": 3874,
	"SensingMethod": 2,
	"ExposureMode": 0,
	"WhiteBalance": 0,
	"DigitalZoomRatio": 1,
	"FocalLengthIn35mmFormat": 27,
	"SceneCaptureType": 0,
	"Contrast": 0,
	"Saturation": 0,
	"Sharpness": 0,
	"InteropIndex": "R98",
	"error": "Unable to extract Makernote information as it is in an unsupported or unrecognized format."
}